METADATA:,"The following statistics have been produced by Dr Ben Smith (Research Associate in Hydrology - Ben.Smith4@ncl.ac.uk | Newcastle University | School of Engineering | Water Group) as a follow on project from the OpenCLIM project, seeking to inform MPs of the increase hydrological risk in their constituencies from climate change. All results are modelled using a hydrological model (SHETRAN) and given as a median of the 12 RCMs. They therefore do not portray extremes well, but are easier to communicate. Data is given as change between the 30 year period over which 2 degrees of warming is reached (approximately 2015-2045 in the UKCP18 12km datasets, differeing by a few years depending on which RCM is used) and a baseline period of 1985-2010. All counts have been normalised to account for the 5yr difference in period length (due to the first 5 years being requiredfor model spinup). Rainfall uplifts were taken from https://artefacts.ceda.ac.uk/badc_datadocs/future-drainage/FUTURE_DRAINAGE_Guidance_for_applying_rainfall_uplifts.pdf

One thing of note is that high flows are shown to decrease in some catchments - this poses the risk of displaying false negatives (perhaps leading to inaction), rather than false positives (where action is taken but unneeded if stats incorrectly indicate flood increase). In these instances it may be important to note that some RCMs do indicate increases in flood flows. Furthermore, as these are daily flows, the sub daily flows, from storm rainfall, could still increase flows on a subdaily timeframe.",,,,,,,,
Name,Local Name,OpenCLIM Hydrological Region,Change to High Flow (1 in 10 year flood) [%],Change to Low Flow (Annual count of days under historical Q95) [days/year],Change to Median Flow (Q50) [%],"Change to Storm Rainfall (2050, 3 hour, 1 in 30 year storm event. FUTURE DRAINAGE - Guidance for Water and Sewerage Companies and Flood Risk Management Authorities, 2021) [%]",Change to Regional Low Flow (Annual count of days under historical Q95) [days/year],Change to Regional Median Flow (Q50) [%],Change to Regional High Flow (1 in 10 year flood) [%]
Barking,,East England,,,,20,59.90637302,-26.20257305,-23.14595581
Basildon and Billericay,,East England,,,,20,59.90637302,-26.20257305,-23.14595581
Bedford,,East England,-10.69,46.94,-21.17,20,59.90637302,-26.20257305,-23.14595581
Braintree,,East England,-32.97671875,55.06835937,-18.14882813,20,59.90637302,-26.20257305,-23.14595581
Brent East,,East England,2.32,35.7,-25.32,20,59.90637302,-26.20257305,-23.14595581
Brentwood and Ongar,,East England,-17.68852941,46.55377451,-18.20377451,20,59.90637302,-26.20257305,-23.14595581
Broadland and Fakenham,,East England,-17.57857143,50.22571429,-19.91,20,59.90637302,-26.20257305,-23.14595581
Broxbourne,,East England,-52.25,115.52,-35.58,20,59.90637302,-26.20257305,-23.14595581
Bury St Edmunds and Stowmarket,,East England,-31.09241814,53.83476071,-24.73889169,20,59.90637302,-26.20257305,-23.14595581
Cambridge,,East England,,,,20,59.90637302,-26.20257305,-23.14595581
Castle Point,,East England,-12.94,24.84,-19.62,20,59.90637302,-26.20257305,-23.14595581
Central Suffolk and North Ipswich,,East England,-17.40166667,55.92,-15.20833333,20,59.90637302,-26.20257305,-23.14595581
Suffolk Coastal,,East England,-17.40166667,55.92,-15.20833333,20,59.90637302,-26.20257305,-23.14595581
Chelmsford,,East England,-35.26,76.82,-17.53,20,59.90637302,-26.20257305,-23.14595581
Chingford and Woodford Green,,East England,-17.13,48.31,-19.37,20,59.90637302,-26.20257305,-23.14595581
Chipping Barnet,,East England,-4.500833333,45.95833333,-27.69916667,20,59.90637302,-26.20257305,-23.14595581
Clacton,,East England,,,,20,59.90637302,-26.20257305,-23.14595581
Colchester,,East England,-33.14,52.98,-18.13,20,59.90637302,-26.20257305,-23.14595581
Dagenham and Rainham,,East England,-12.92,51.06,-17.36,20,59.90637302,-26.20257305,-23.14595581
Dunstable and Leighton Buzzard,,East England,3.462368421,35.16210526,-17.225,20,59.90637302,-26.20257305,-23.14595581
East Ham,,East England,,,,20,59.90637302,-26.20257305,-23.14595581
Edmonton and Winchmore Hill,,East England,-0.11,33.25,-21.7,20,59.90637302,-26.20257305,-23.14595581
Ely and East Cambridgeshire,,East England,,,,20,59.90637302,-26.20257305,-23.14595581
Enfield North,,East England,-0.11,33.25,-21.7,20,59.90637302,-26.20257305,-23.14595581
Epping Forest,,East England,-16.82928571,49.06589286,-19.74017857,20,59.90637302,-26.20257305,-23.14595581
Finchley and Golders Green,,East England,2.32,35.7,-25.32,20,59.90637302,-26.20257305,-23.14595581
Great Yarmouth,,East England,,,,20,59.90637302,-26.20257305,-23.14595581
Hackney North and Stoke Newington,,East England,,,,20,59.90637302,-26.20257305,-23.14595581
Hackney South and Shoreditch,,East England,,,,20,59.90637302,-26.20257305,-23.14595581
Hampstead and Highgate,,East England,,,,20,59.90637302,-26.20257305,-23.14595581
Harlow,,East England,-31.60236111,72.72041667,-24.73090278,20,59.90637302,-26.20257305,-23.14595581
Aylesbury,,East England,-17.92768,67.99836,-36.27224,20,59.90637302,-26.20257305,-23.14595581
Harpenden and Berkhamsted,,East England,-17.92768,67.99836,-36.27224,20,59.90637302,-26.20257305,-23.14595581
Harrow East,,East England,-7.430666667,46.33066667,-26.96133333,20,59.90637302,-26.20257305,-23.14595581
Harrow West,,East England,-35.52,72.44,-29.72,20,59.90637302,-26.20257305,-23.14595581
Harwich and North Essex,,East England,-33.30148148,53.99037037,-18.07592593,20,59.90637302,-26.20257305,-23.14595581
Hemel Hempstead,,East England,-17.41711864,64.60237288,-34.54322034,20,59.90637302,-26.20257305,-23.14595581
Hendon,,East England,2.32,35.7,-25.32,20,59.90637302,-26.20257305,-23.14595581
Hertford and Stortford,,East England,-52.43425,115.004,-35.71575,20,59.90637302,-26.20257305,-23.14595581
Hertsmere,,East England,-13.59381443,59.50804124,-30.77876289,20,59.90637302,-26.20257305,-23.14595581
Hitchin,,East England,-26.93205357,80.77455357,-35.88370536,20,59.90637302,-26.20257305,-23.14595581
Hornchurch and Upminster,,East England,-20.34965517,37.1637931,-11.9362069,20,59.90637302,-26.20257305,-23.14595581
Hornsey and Friern Barnet,,East England,,,,20,59.90637302,-26.20257305,-23.14595581
Huntingdon,,East England,-14.93138889,45.05722222,-18.80833333,20,59.90637302,-26.20257305,-23.14595581
Ilford North,,East England,-15.92714286,49.09571429,-18.79571429,20,59.90637302,-26.20257305,-23.14595581
Ilford South,,East England,-12.92,51.06,-17.36,20,59.90637302,-26.20257305,-23.14595581
Ipswich,,East England,,,,20,59.90637302,-26.20257305,-23.14595581
Islington North,,East England,,,,20,59.90637302,-26.20257305,-23.14595581
Islington South and Finsbury,,East England,,,,20,59.90637302,-26.20257305,-23.14595581
Leyton and Wanstead,,East England,-17.13,48.31,-19.37,20,59.90637302,-26.20257305,-23.14595581
Lowestoft,,East England,,,,20,59.90637302,-26.20257305,-23.14595581
Luton North,,East England,7.632,52.24,-25.698,20,59.90637302,-26.20257305,-23.14595581
Luton South and South Bedfordshire,,East England,-8.197647059,59.9672549,-32.67990196,20,59.90637302,-26.20257305,-23.14595581
Maldon,,East England,,,,20,59.90637302,-26.20257305,-23.14595581
Mid Bedfordshire,,East England,-9.648615819,48.91822034,-20.47853107,20,59.90637302,-26.20257305,-23.14595581
Mid Norfolk,,East England,-13.42643216,47.84306533,-26.35180905,20,59.90637302,-26.20257305,-23.14595581
North Bedfordshire,,East England,-15.24159851,48.50892193,-22.08431227,20,59.90637302,-26.20257305,-23.14595581
North East Cambridgeshire,,East England,,,,20,59.90637302,-26.20257305,-23.14595581
North East Hertfordshire,,East England,-47.801959,98.40075171,-35.87763098,20,59.90637302,-26.20257305,-23.14595581
North Norfolk,,East England,-16.90584,48.83984,-17.8716,20,59.90637302,-26.20257305,-23.14595581
North West Cambridgeshire,,East England,,,,20,59.90637302,-26.20257305,-23.14595581
North West Essex,,East England,-35.30185976,69.23085366,-22.54948171,20,59.90637302,-26.20257305,-23.14595581
North West Norfolk,,East England,-16.97570732,58.55512195,-33.76234146,20,59.90637302,-26.20257305,-23.14595581
Norwich North,,East England,,,,20,59.90637302,-26.20257305,-23.14595581
Norwich South,,East England,,,,20,59.90637302,-26.20257305,-23.14595581
Peterborough,,East England,,,,20,59.90637302,-26.20257305,-23.14595581
Rayleigh and Wickford,,East England,-12.94,24.84,-19.62,20,59.90637302,-26.20257305,-23.14595581
Romford,,East England,-13.2737931,50.39827586,-17.10172414,20,59.90637302,-26.20257305,-23.14595581
"Ruislip, Northwood and Pinner",,East England,-31.94166667,70.42,-29.93833333,20,59.90637302,-26.20257305,-23.14595581
South Basildon and East Thurrock,,East England,,,,20,59.90637302,-26.20257305,-23.14595581
South Cambridgeshire,,East England,-19.53294118,51.09441176,-24.34205882,20,59.90637302,-26.20257305,-23.14595581
South Norfolk,,East England,-20.43,51.21,-19.78,20,59.90637302,-26.20257305,-23.14595581
South Suffolk,,East England,-34.61045977,78.83287356,-25.91988506,20,59.90637302,-26.20257305,-23.14595581
South West Hertfordshire,,East England,-15.27247423,61.32360825,-31.43216495,20,59.90637302,-26.20257305,-23.14595581
South West Norfolk,,East England,-12.06444444,49.93186667,-35.36011111,20,59.90637302,-26.20257305,-23.14595581
Southend East and Rochford,,East England,-12.94,24.84,-19.62,20,59.90637302,-26.20257305,-23.14595581
Southend West and Leigh,,East England,-12.94,24.84,-19.62,20,59.90637302,-26.20257305,-23.14595581
Southgate and Wood Green,,East England,-0.11,33.25,-21.7,20,59.90637302,-26.20257305,-23.14595581
St Albans,,East England,-19.351,68.072,-38.17083333,20,59.90637302,-26.20257305,-23.14595581
St Neots and Mid Cambridgeshire,,East England,-18.26,43.92,-21.3,20,59.90637302,-26.20257305,-23.14595581
Stevenage,,East England,-44.26650794,93.38936508,-41.31190476,20,59.90637302,-26.20257305,-23.14595581
Stratford and Bow,,East England,,,,20,59.90637302,-26.20257305,-23.14595581
Thurrock,,East England,,,,20,59.90637302,-26.20257305,-23.14595581
Tottenham,,East England,,,,20,59.90637302,-26.20257305,-23.14595581
Walthamstow,,East England,-17.13,48.31,-19.37,20,59.90637302,-26.20257305,-23.14595581
Watford,,East England,-14.05,60.32,-31.03,20,59.90637302,-26.20257305,-23.14595581
Waveney Valley,,East England,-18.50375258,53.64942268,-18.92608247,20,59.90637302,-26.20257305,-23.14595581
Welwyn Hatfield,,East England,-4.025140187,63.61205607,-30.63411215,20,59.90637302,-26.20257305,-23.14595581
West Ham and Beckton,,East England,,,,20,59.90637302,-26.20257305,-23.14595581
West Suffolk,,East England,-37.95764957,52.55247863,-28.54713675,20,59.90637302,-26.20257305,-23.14595581
Witham,,East England,-36.44878788,60.93161616,-19.1779798,20,59.90637302,-26.20257305,-23.14595581
Belfast East,,Northern Ireland,18.425,7.335277778,-2.043055556,25,8.149855146,-4.949607546,16.62771265
Belfast North,,Northern Ireland,12.85,8.64,-3.02,25,8.149855146,-4.949607546,16.62771265
Belfast South and Mid Down,,Northern Ireland,12.246,5.58,-2.088,25,8.149855146,-4.949607546,16.62771265
Belfast West,,Northern Ireland,9.220952381,5.333333333,-2.289047619,25,8.149855146,-4.949607546,16.62771265
East Antrim,,Northern Ireland,13.63809399,3.714412533,-3.879738903,25,8.149855146,-4.949607546,16.62771265
East Londonderry,,Northern Ireland,19.5522238,11.43236544,-5.34266289,25,8.149855146,-4.949607546,16.62771265
Fermanagh and South Tyrone,,Northern Ireland,20.39912214,9.836889313,-6.680744275,25,8.149855146,-4.949607546,16.62771265
Foyle,,Northern Ireland,18.3,13.68,-5.68,30,8.149855146,-4.949607546,16.62771265
Lagan Valley,,Northern Ireland,9.81031746,5.224867725,-2.18505291,25,8.149855146,-4.949607546,16.62771265
Mid Ulster,,Northern Ireland,15.53461814,7.627553699,-4.047804296,25,8.149855146,-4.949607546,16.62771265
Newry and Armagh,,Northern Ireland,12.46476636,6.298722741,-2.152367601,25,8.149855146,-4.949607546,16.62771265
North Antrim,,Northern Ireland,14.71936535,4.01890223,-2.961818182,25,8.149855146,-4.949607546,16.62771265
North Down,,Northern Ireland,17.974375,5.33375,-1.38,25,8.149855146,-4.949607546,16.62771265
South Antrim,,Northern Ireland,12.61658402,7.887713499,-3.298264463,25,8.149855146,-4.949607546,16.62771265
South Down,,Northern Ireland,18.42038462,8.461794872,-4.935320513,25,8.149855146,-4.949607546,16.62771265
Strangford,,Northern Ireland,15.350625,6.332083333,-1.94875,25,8.149855146,-4.949607546,16.62771265
Upper Bann,,Northern Ireland,9.642444444,5.364888889,-2.07,25,8.149855146,-4.949607546,16.62771265
West Tyrone,,Northern Ireland,20.54065859,11.00679031,-8.51657078,30,8.149855146,-4.949607546,16.62771265
Altrincham and Sale West,,North West England,2.53,20.08,-10.24,20,17.78087414,-11.07640061,15.01118616
Ashton-under-Lyne,,North West England,11.76722222,16.35333333,-7.950555556,20,17.78087414,-11.07640061,15.01118616
Barrow and Furness,,North West England,27.58320755,9.292830189,-9.934025157,25,17.78087414,-11.07640061,15.01118616
Birkenhead,,North West England,,,,20,17.78087414,-11.07640061,15.01118616
Blackburn,,North West England,13.01342105,7.448157895,-8.420789474,25,17.78087414,-11.07640061,15.01118616
Blackley and Middleton South,,North West England,12.44589086,12.6582859,-9.468951091,20,17.78087414,-11.07640061,15.01118616
Blackpool North and Fleetwood,,North West England,,,,25,17.78087414,-11.07640061,15.01118616
Blackpool South,,North West England,,,,25,17.78087414,-11.07640061,15.01118616
Bolton North East,,North West England,12.94,11.88,-9.62,25,17.78087414,-11.07640061,15.01118616
Bolton South and Walkden,,North West England,12.94,11.88,-9.62,20,17.78087414,-11.07640061,15.01118616
Bolton West,,North West England,12.0275,12.405,-8.52625,25,17.78087414,-11.07640061,15.01118616
Bootle,,North West England,4.04,19.01,-8.24,25,17.78087414,-11.07640061,15.01118616
Burnley,,North West England,16.42365854,15.32764228,-12.1404065,20,17.78087414,-11.07640061,15.01118616
Bury North,,North West England,12.84508197,12.0295082,-9.590983607,25,17.78087414,-11.07640061,15.01118616
Bury South,,North West England,12.25071429,12.96571429,-9.409285714,25,17.78087414,-11.07640061,15.01118616
Carlisle,,North West England,15.97274286,20.57733333,-14.01822857,25,17.78087414,-11.07640061,15.01118616
Cheadle,,North West England,2.53,20.08,-10.24,20,17.78087414,-11.07640061,15.01118616
Chester North and Neston,,North West England,15.61,24.45,-13.32,20,17.78087414,-11.07640061,15.01118616
Chester South and Eddisbury,,North West England,11.07915344,28.41587302,-13.57962963,20,17.78087414,-11.07640061,15.01118616
Chorley,,North West England,11.17703704,11.01777778,-7.016296296,25,17.78087414,-11.07640061,15.01118616
Congleton,,North West England,11.80564103,22.48205128,-10.39897436,20,17.78087414,-11.07640061,15.01118616
Crewe and Nantwich,,North West England,8.478043478,29.52521739,-11.82402174,20,17.78087414,-11.07640061,15.01118616
Ellesmere Port and Bromborough,,North West England,,,,20,17.78087414,-11.07640061,15.01118616
Fylde,,North West England,24.37,11.24,-9.08,25,17.78087414,-11.07640061,15.01118616
Hazel Grove,,North West England,4.966290323,19.56241935,-10.8783871,20,17.78087414,-11.07640061,15.01118616
Heywood and Middleton North,,North West England,11.01,14.92,-9.03,25,17.78087414,-11.07640061,15.01118616
Hyndburn,,North West England,16.32855556,14.17033333,-11.60333333,25,17.78087414,-11.07640061,15.01118616
Knowsley,,North West England,3.714390244,18.73317073,-8.042439024,25,17.78087414,-11.07640061,15.01118616
Lancaster and Wyre,,North West England,23.9192233,11.70601942,-8.889902913,25,17.78087414,-11.07640061,15.01118616
Leigh and Atherton,,North West England,1.37,16.74,-6.62,20,17.78087414,-11.07640061,15.01118616
Liverpool Garston,,North West England,,,,20,17.78087414,-11.07640061,15.01118616
Liverpool Riverside,,North West England,4.04,19.01,-8.24,20,17.78087414,-11.07640061,15.01118616
Liverpool Walton,,North West England,4.04,19.01,-8.24,25,17.78087414,-11.07640061,15.01118616
Liverpool Wavertree,,North West England,4.04,19.01,-8.24,20,17.78087414,-11.07640061,15.01118616
Liverpool West Derby,,North West England,4.04,19.01,-8.24,25,17.78087414,-11.07640061,15.01118616
Macclesfield,,North West England,3.651809045,20.66331658,-10.79276382,20,17.78087414,-11.07640061,15.01118616
Makerfield,,North West England,7.8575,14.355,-6.245,25,17.78087414,-11.07640061,15.01118616
Manchester Central,,North West England,3.76950219,19.103639,-10.16617758,20,17.78087414,-11.07640061,15.01118616
Manchester Rusholme,,North West England,2.53,20.08,-10.24,20,17.78087414,-11.07640061,15.01118616
Manchester Withington,,North West England,2.53,20.08,-10.24,20,17.78087414,-11.07640061,15.01118616
Mid Cheshire,,North West England,10.06166667,26.17333333,-11.14583333,20,17.78087414,-11.07640061,15.01118616
Morecambe and Lunesdale,,North West England,22.47969424,12.7092446,-10.1005036,25,17.78087414,-11.07640061,15.01118616
Oldham East and Saddleworth,,North West England,14.65297619,14.92,-7.373333333,20,17.78087414,-11.07640061,15.01118616
"Oldham West, Chadderton and Royton",,North West England,11.01,14.92,-9.03,20,17.78087414,-11.07640061,15.01118616
Pendle and Clitheroe,,North West England,17.18370213,15.36,-13.26353191,25,17.78087414,-11.07640061,15.01118616
Penrith and Solway,,North West England,16.70305224,19.90997015,-11.14288806,25,17.78087414,-11.07640061,15.01118616
Preston,,North West England,18.69,12.19,-12.15,25,17.78087414,-11.07640061,15.01118616
Ribble Valley,,North West England,19.06443018,13.63072231,-11.22980738,25,17.78087414,-11.07640061,15.01118616
Rochdale,,North West England,11.00691358,15.57037037,-9.447283951,25,17.78087414,-11.07640061,15.01118616
Rossendale and Darwen,,North West England,12.74462963,11.21148148,-9.294537037,25,17.78087414,-11.07640061,15.01118616
Runcorn and Helsby,,North West England,,,,20,17.78087414,-11.07640061,15.01118616
Salford,,North West England,12.94,11.88,-9.62,20,17.78087414,-11.07640061,15.01118616
South Ribble,,North West England,,,,25,17.78087414,-11.07640061,15.01118616
Southport,,North West England,,,,25,17.78087414,-11.07640061,15.01118616
St Helens North,,North West England,1.434337349,16.7946988,-6.659036145,25,17.78087414,-11.07640061,15.01118616
St Helens South and Whiston,,North West England,1.37,16.74,-6.62,20,17.78087414,-11.07640061,15.01118616
Stalybridge and Hyde,,North West England,13.50548387,15.9433871,-8.654677419,20,17.78087414,-11.07640061,15.01118616
Gorton and Denton,,North West England,4.0648,19.4608,-9.8596,20,17.78087414,-11.07640061,15.01118616
Stockport,,North West England,4.0648,19.4608,-9.8596,20,17.78087414,-11.07640061,15.01118616
Stretford and Urmston,,North West England,2.53,20.08,-10.24,20,17.78087414,-11.07640061,15.01118616
Tatton,,North West England,8.380322581,21.66193548,-10.44290323,20,17.78087414,-11.07640061,15.01118616
Wallasey,,North West England,,,,25,17.78087414,-11.07640061,15.01118616
Warrington North,,North West England,1.37,16.74,-6.62,20,17.78087414,-11.07640061,15.01118616
Warrington South,,North West England,,,,20,17.78087414,-11.07640061,15.01118616
Sefton Central,,North West England,8.150588235,14.82105882,-6.541176471,25,17.78087414,-11.07640061,15.01118616
West Lancashire,,North West England,8.150588235,14.82105882,-6.541176471,25,17.78087414,-11.07640061,15.01118616
Westmorland and Lonsdale,,North West England,14.23855051,18.98225758,-12.32164141,25,17.78087414,-11.07640061,15.01118616
Whitehaven and Workington,,North West England,23.22355932,5.481638418,-3.478305085,25,17.78087414,-11.07640061,15.01118616
Widnes and Halewood,,North West England,,,,20,17.78087414,-11.07640061,15.01118616
Wigan,,North West England,10.02,13.56,-6.12,25,17.78087414,-11.07640061,15.01118616
Wirral West,,North West England,,,,20,17.78087414,-11.07640061,15.01118616
Worsley and Eccles,,North West England,12.94,11.88,-9.62,20,17.78087414,-11.07640061,15.01118616
Wythenshawe and Sale East,,North West England,2.53,20.08,-10.24,20,17.78087414,-11.07640061,15.01118616
Aldershot,,South East England,-17.81,54.33,-23.19,20,56.07971474,-21.97417822,-15.03717014
Arundel and South Downs,,South East England,-9.169722222,51.6122619,-18.61934524,20,56.07971474,-21.97417822,-15.03717014
Ashford,,South East England,-23.88483444,61.42390728,-23.68490066,20,56.07971474,-21.97417822,-15.03717014
Banbury,,South East England,-10.67917969,32.21775391,-21.24017578,20,56.07971474,-21.97417822,-15.03717014
Basingstoke,,South East England,-4.962820513,41.42717949,-17.09948718,20,56.07971474,-21.97417822,-15.03717014
Battersea,,South East England,,,,20,56.07971474,-21.97417822,-15.03717014
Beaconsfield,,South East England,-27.59736527,70.05868263,-24.72071856,20,56.07971474,-21.97417822,-15.03717014
Beckenham and Penge,,South East England,,,,20,56.07971474,-21.97417822,-15.03717014
Bermondsey and Old Southwark,,South East England,,,,20,56.07971474,-21.97417822,-15.03717014
Bethnal Green and Stepney,,South East England,,,,20,56.07971474,-21.97417822,-15.03717014
Bexhill and Battle,,South East England,-12.46956522,69.74521739,-14.71565217,20,56.07971474,-21.97417822,-15.03717014
Bexleyheath and Crayford,,South East England,-9.91,83.64,-44.53,20,56.07971474,-21.97417822,-15.03717014
Bicester and Woodstock,,South East England,-10.13561247,54.94371938,-18.56550111,20,56.07971474,-21.97417822,-15.03717014
Bognor Regis and Littlehampton,,South East England,,,,20,56.07971474,-21.97417822,-15.03717014
Bracknell,,South East England,-18.79212766,51.27276596,-20.64553191,20,56.07971474,-21.97417822,-15.03717014
Brent West,,South East England,,,,20,56.07971474,-21.97417822,-15.03717014
Brentford and Isleworth,,South East England,,,,20,56.07971474,-21.97417822,-15.03717014
Brighton Kemptown and Peacehaven,,South East England,,,,20,56.07971474,-21.97417822,-15.03717014
Brighton Pavilion,,South East England,,,,20,56.07971474,-21.97417822,-15.03717014
Bromley and Biggin Hill,,South East England,-6.715,55.925,-32.315,20,56.07971474,-21.97417822,-15.03717014
Buckingham and Bletchley,,South East England,-10.04869018,47.48700252,-20.35397985,20,56.07971474,-21.97417822,-15.03717014
Canterbury,,South East England,-25.32,63.46,-23.48,20,56.07971474,-21.97417822,-15.03717014
Carshalton and Wallington,,South East England,,,,20,56.07971474,-21.97417822,-15.03717014
Chatham and Aylesford,,South East England,,,,20,56.07971474,-21.97417822,-15.03717014
Chelsea and Fulham,,South East England,,,,20,56.07971474,-21.97417822,-15.03717014
Chesham and Amersham,,South East England,-28.97986111,69.71673611,-31.22520833,20,56.07971474,-21.97417822,-15.03717014
Chichester,,South East England,-14.25,,,20,56.07971474,-21.97417822,-15.03717014
Cities of London and Westminster,,South East England,,,,20,56.07971474,-21.97417822,-15.03717014
Clapham and Brixton Hill,,South East England,,,,20,56.07971474,-21.97417822,-15.03717014
Crawley,,South East England,-4.474545455,32.79363636,-20.00454545,20,56.07971474,-21.97417822,-15.03717014
Croydon East,,South East England,,,,20,56.07971474,-21.97417822,-15.03717014
Croydon South,,South East England,,,,20,56.07971474,-21.97417822,-15.03717014
Croydon West,,South East England,,,,20,56.07971474,-21.97417822,-15.03717014
Dartford,,South East England,-36.21,76.27,-44.385,20,56.07971474,-21.97417822,-15.03717014
Didcot and Wantage,,South East England,-15.2809204,66.05291045,-18.05211443,20,56.07971474,-21.97417822,-15.03717014
Dorking and Horley,,South East England,-31.12425532,70.11659574,-28.00842553,20,56.07971474,-21.97417822,-15.03717014
Dover and Deal,,South East England,-8.65,39.81,-25.86,20,56.07971474,-21.97417822,-15.03717014
Dulwich and West Norwood,,South East England,,,,20,56.07971474,-21.97417822,-15.03717014
Ealing Central and Acton,,South East England,,,,20,56.07971474,-21.97417822,-15.03717014
Ealing North,,South East England,,,,20,56.07971474,-21.97417822,-15.03717014
Ealing Southall,,South East England,,,,20,56.07971474,-21.97417822,-15.03717014
Earley and Woodley,,South East England,-21.14,67.66,-18.55,20,56.07971474,-21.97417822,-15.03717014
East Grinstead and Uckfield,,South East England,-0.730204778,35.35180887,-16.84467577,20,56.07971474,-21.97417822,-15.03717014
East Hampshire,,South East England,-20.71182222,68.79717778,-23.6734,20,56.07971474,-21.97417822,-15.03717014
East Surrey,,South East England,-17.7377551,67.12903061,-21.03295918,20,56.07971474,-21.97417822,-15.03717014
East Thanet,,South East England,,,,20,56.07971474,-21.97417822,-15.03717014
East Worthing and Shoreham,,South East England,,,,20,56.07971474,-21.97417822,-15.03717014
Eastbourne,,South East England,,,,20,56.07971474,-21.97417822,-15.03717014
Eastleigh,,South East England,-0.26,33.48,-11.94,20,56.07971474,-21.97417822,-15.03717014
Eltham and Chislehurst,,South East England,-5.437,44.839,-27.429,20,56.07971474,-21.97417822,-15.03717014
Epsom and Ewell,,South East England,-7.940740741,54.80444444,-18.28296296,20,56.07971474,-21.97417822,-15.03717014
Erith and Thamesmead,,South East England,-7.991870611,67.00120313,-37.19668216,20,56.07971474,-21.97417822,-15.03717014
Esher and Walton,,South East England,-35.52,72.44,-29.72,20,56.07971474,-21.97417822,-15.03717014
Fareham and Waterlooville,,South East England,,,,20,56.07971474,-21.97417822,-15.03717014
Farnham and Bordon,,South East England,-31.22627907,87.7102907,-27.59139535,20,56.07971474,-21.97417822,-15.03717014
Faversham and Mid Kent,,South East England,-25.32,63.46,-23.48,20,56.07971474,-21.97417822,-15.03717014
Feltham and Heston,,South East England,-35.52,72.44,-29.72,20,56.07971474,-21.97417822,-15.03717014
Folkestone and Hythe,,South East England,-25.32,63.46,-23.48,20,56.07971474,-21.97417822,-15.03717014
Gillingham and Rainham,,South East England,,,,20,56.07971474,-21.97417822,-15.03717014
Godalming and Ash,,South East England,-26.58285294,80.22602941,-25.68232353,20,56.07971474,-21.97417822,-15.03717014
Gosport,,South East England,,,,20,56.07971474,-21.97417822,-15.03717014
Gravesham,,South East England,,,,20,56.07971474,-21.97417822,-15.03717014
Greenwich and Woolwich,,South East England,-3.52,28.21,-20.1,20,56.07971474,-21.97417822,-15.03717014
Guildford,,South East England,-35.48709677,73.8116129,-29.67032258,20,56.07971474,-21.97417822,-15.03717014
Hamble Valley,,South East England,,,,20,56.07971474,-21.97417822,-15.03717014
Hammersmith and Chiswick,,South East England,,,,20,56.07971474,-21.97417822,-15.03717014
Hastings and Rye,,South East England,,,,20,56.07971474,-21.97417822,-15.03717014
Havant,,South East England,,,,20,56.07971474,-21.97417822,-15.03717014
Hayes and Harlington,,South East England,-35.52,72.44,-29.72,20,56.07971474,-21.97417822,-15.03717014
Henley and Thame,,South East England,-20.60629295,67.17301989,-19.02312839,20,56.07971474,-21.97417822,-15.03717014
Herne Bay and Sandwich,,South East England,,,,20,56.07971474,-21.97417822,-15.03717014
Holborn and St Pancras,,South East England,,,,20,56.07971474,-21.97417822,-15.03717014
Horsham,,South East England,-5.755714286,38.85357143,-23.48714286,20,56.07971474,-21.97417822,-15.03717014
Hove and Portslade,,South East England,,,,20,56.07971474,-21.97417822,-15.03717014
Isle of Wight East,,South East England,,,,20,56.07971474,-21.97417822,-15.03717014
Isle of Wight West,,South East England,-21.65,59.76,-13.82,20,56.07971474,-21.97417822,-15.03717014
Kensington and Bayswater,,South East England,,,,20,56.07971474,-21.97417822,-15.03717014
Kingston and Surbiton,,South East England,1.712,48.632,-14.28,20,56.07971474,-21.97417822,-15.03717014
Lewes,,South East England,3.324931507,43.03287671,-17.36780822,20,56.07971474,-21.97417822,-15.03717014
Lewisham East,,South East England,-3.52,28.21,-20.1,20,56.07971474,-21.97417822,-15.03717014
Lewisham North,,South East England,-3.52,28.21,-20.1,20,56.07971474,-21.97417822,-15.03717014
Lewisham West and East Dulwich,,South East England,,,,20,56.07971474,-21.97417822,-15.03717014
Maidenhead,,South East England,-21.41407821,62.91955307,-19.27217877,20,56.07971474,-21.97417822,-15.03717014
Maidstone and Malling,,South East England,-13.35,52.67,-19.81,20,56.07971474,-21.97417822,-15.03717014
Mid Buckinghamshire,,South East England,-20.71480519,67.32816327,-22.02278293,20,56.07971474,-21.97417822,-15.03717014
Mid Sussex,,South East England,7.363189655,33.91663793,-12.07112069,20,56.07971474,-21.97417822,-15.03717014
Milton Keynes Central,,South East England,-10.69,46.94,-21.17,20,56.07971474,-21.97417822,-15.03717014
Milton Keynes North,,South East England,-10.69,46.94,-21.17,20,56.07971474,-21.97417822,-15.03717014
Mitcham and Morden,,South East England,,,,20,56.07971474,-21.97417822,-15.03717014
New Forest East,,South East England,-1.03686747,48.92120482,-12.44662651,20,56.07971474,-21.97417822,-15.03717014
New Forest West,,South East England,-3.074767442,37.9955814,-22.45790698,20,56.07971474,-21.97417822,-15.03717014
Newbury,,South East England,-10.53641221,38.32435115,-24.36656489,20,56.07971474,-21.97417822,-15.03717014
North East Hampshire,,South East England,-10.16858025,46.95851852,-18.65611111,20,56.07971474,-21.97417822,-15.03717014
North West Hampshire,,South East England,-10.89590604,47.87055928,-19.66751678,20,56.07971474,-21.97417822,-15.03717014
Old Bexley and Sidcup,,South East England,-9.91,83.64,-44.53,20,56.07971474,-21.97417822,-15.03717014
Orpington,,South East England,-9.3109375,78.4434375,-42.2396875,20,56.07971474,-21.97417822,-15.03717014
Oxford East,,South East England,-12.68,67.38,-16.71,20,56.07971474,-21.97417822,-15.03717014
Oxford West and Abingdon,,South East England,-11.22188679,62.11962264,-17.30471698,20,56.07971474,-21.97417822,-15.03717014
Peckham,,South East England,,,,20,56.07971474,-21.97417822,-15.03717014
Poplar and Limehouse,,South East England,,,,20,56.07971474,-21.97417822,-15.03717014
Portsmouth North,,South East England,,,,20,56.07971474,-21.97417822,-15.03717014
Portsmouth South,,South East England,,,,20,56.07971474,-21.97417822,-15.03717014
Putney,,South East England,,,,20,56.07971474,-21.97417822,-15.03717014
Queen's Park and Maida Vale,,South East England,,,,20,56.07971474,-21.97417822,-15.03717014
Reading Central,,South East England,-21.14,67.66,-18.55,20,56.07971474,-21.97417822,-15.03717014
Reading West and Mid Berkshire,,South East England,-17.65431746,59.28003175,-18.93961905,20,56.07971474,-21.97417822,-15.03717014
Reigate,,South East England,-23.885,65,-24.895,20,56.07971474,-21.97417822,-15.03717014
Richmond Park,,South East England,7.361435217,45.01946901,-11.93719597,20,56.07971474,-21.97417822,-15.03717014
Rochester and Strood,,South East England,,,,20,56.07971474,-21.97417822,-15.03717014
Romsey and Southampton North,,South East England,-9.131581292,44.99216036,-24.30516704,20,56.07971474,-21.97417822,-15.03717014
Runnymede and Weybridge,,South East England,-35.52,72.44,-29.72,20,56.07971474,-21.97417822,-15.03717014
Sevenoaks,,South East England,-37.98419492,88.73762712,-32.50347458,20,56.07971474,-21.97417822,-15.03717014
Sittingbourne and Sheppey,,South East England,,,,20,56.07971474,-21.97417822,-15.03717014
Slough,,South East England,-26.14173913,69.3226087,-22.43521739,20,56.07971474,-21.97417822,-15.03717014
Southampton Itchen,,South East England,,,,20,56.07971474,-21.97417822,-15.03717014
Southampton Test,,South East England,,,,20,56.07971474,-21.97417822,-15.03717014
Spelthorne,,South East England,-35.52,72.44,-29.72,20,56.07971474,-21.97417822,-15.03717014
Streatham and Croydon North,,South East England,,,,20,56.07971474,-21.97417822,-15.03717014
Surrey Heath,,South East England,-31.16061538,67.98215385,-28.11261538,20,56.07971474,-21.97417822,-15.03717014
Sussex Weald,,South East England,-3.579891599,42.66688347,-17.89560976,20,56.07971474,-21.97417822,-15.03717014
Sutton and Cheam,,South East England,11.02,42.68,-10.42,20,56.07971474,-21.97417822,-15.03717014
Tonbridge,,South East England,-13.05668067,55.1912605,-19.63277311,20,56.07971474,-21.97417822,-15.03717014
Tooting,,South East England,,,,20,56.07971474,-21.97417822,-15.03717014
Tunbridge Wells,,South East England,-14.45228155,62.62359223,-18.99106796,20,56.07971474,-21.97417822,-15.03717014
Twickenham,,South East England,-35.52,72.44,-29.72,20,56.07971474,-21.97417822,-15.03717014
Uxbridge and South Ruislip,,South East England,-34.62541667,71.935,-29.77458333,20,56.07971474,-21.97417822,-15.03717014
Vauxhall and Camberwell Green,,South East England,,,,20,56.07971474,-21.97417822,-15.03717014
Weald of Kent,,South East England,-10.58883534,49.43471888,-21.36851406,20,56.07971474,-21.97417822,-15.03717014
Wimbledon,,South East England,11.02,42.68,-10.42,20,56.07971474,-21.97417822,-15.03717014
Winchester,,South East England,-7.436004843,47.56588378,-23.18738499,20,56.07971474,-21.97417822,-15.03717014
Windsor,,South East England,-33.40482143,71.25428571,-28.12785714,20,56.07971474,-21.97417822,-15.03717014
Witney,,South East England,-4.553595707,42.24210054,-23.72778175,20,56.07971474,-21.97417822,-15.03717014
Woking,,South East England,-35.52,72.44,-29.72,20,56.07971474,-21.97417822,-15.03717014
Wokingham,,South East England,-20.2465035,65.44475524,-18.90321678,20,56.07971474,-21.97417822,-15.03717014
Worthing West,,South East England,,,,20,56.07971474,-21.97417822,-15.03717014
Wycombe,,South East England,-21.71971429,69.98828571,-23.16128571,20,56.07971474,-21.97417822,-15.03717014
Barnsley North,,North East England,-5.107532468,27.57363636,-13.21467532,20,23.64609643,-13.24014093,5.485314228
Barnsley South,,North East England,-5.75,27.83,-13.39,20,23.64609643,-13.24014093,5.485314228
Beverley and Holderness,,North East England,-12.42,31.5,-23.53,20,23.64609643,-13.24014093,5.485314228
Bishop Auckland,,North East England,3.646892744,27.23765773,-12.46731861,20,23.64609643,-13.24014093,5.485314228
Blaydon and Consett,,North East England,1.11,21.04,-12.25,20,23.64609643,-13.24014093,5.485314228
Blyth and Ashington,,North East England,6.78,22.52,-9.01,20,23.64609643,-13.24014093,5.485314228
Bradford East,,North East England,10.41,28.54,-13.77,20,23.64609643,-13.24014093,5.485314228
Bradford South,,North East England,10.48136364,25.26681818,-11.65613636,20,23.64609643,-13.24014093,5.485314228
Bradford West,,North East England,8.026666667,33.32111111,-16.20388889,20,23.64609643,-13.24014093,5.485314228
Bridlington and The Wolds,,North East England,-1.78,14.84,-17.29,20,23.64609643,-13.24014093,5.485314228
Brigg and Immingham,,North East England,,,,20,23.64609643,-13.24014093,5.485314228
Calder Valley,,North East England,10.32269103,23.40621262,-14.37318937,20,23.64609643,-13.24014093,5.485314228
City of Durham,,North East England,3.447,20.506,-11.659,20,23.64609643,-13.24014093,5.485314228
Colne Valley,,North East England,7.61505814,22.93523256,-12.85901163,20,23.64609643,-13.24014093,5.485314228
Cramlington and Killingworth,,North East England,3.674117647,21.07294118,-10.49941176,20,23.64609643,-13.24014093,5.485314228
Darlington,,North East England,1.422413793,35.86,-12.92137931,20,23.64609643,-13.24014093,5.485314228
Dewsbury and Batley,,North East England,9.240909091,21.84818182,-9.299090909,20,23.64609643,-13.24014093,5.485314228
Doncaster Central,,North East England,-14.61,27.63,-14.43,20,23.64609643,-13.24014093,5.485314228
Doncaster East and the Isle of Axholme,,North East England,,,,20,23.64609643,-13.24014093,5.485314228
Doncaster North,,North East England,-13.04512195,30.42219512,-13.61829268,20,23.64609643,-13.24014093,5.485314228
Easington,,North East England,-0.64,83.43,-18.64,20,23.64609643,-13.24014093,5.485314228
Gateshead Central and Whickham,,North East England,,,,20,23.64609643,-13.24014093,5.485314228
Goole and Pocklington,,North East England,-12.42,31.5,-23.53,20,23.64609643,-13.24014093,5.485314228
Great Grimsby and Cleethorpes,,North East England,,,,20,23.64609643,-13.24014093,5.485314228
Halifax,,North East England,10.37852459,23.05737705,-13.39,20,23.64609643,-13.24014093,5.485314228
Harrogate and Knaresborough,,North East England,5.294444444,25.03733333,-12.17822222,20,23.64609643,-13.24014093,5.485314228
Hartlepool,,North East England,,,,20,23.64609643,-13.24014093,5.485314228
Hexham,,North East England,12.47916832,22.3175802,-10.92601188,25,23.64609643,-13.24014093,5.485314228
Houghton and Sunderland South,,North East England,,,,20,23.64609643,-13.24014093,5.485314228
Huddersfield,,North East England,9.498269231,21.89942308,-10.36442308,20,23.64609643,-13.24014093,5.485314228
Jarrow and Gateshead East,,North East England,,,,20,23.64609643,-13.24014093,5.485314228
Keighley and Ilkley,,North East England,12.60836364,22.99490909,-11.13066667,20,23.64609643,-13.24014093,5.485314228
Kingston upon Hull East,,North East England,,,,20,23.64609643,-13.24014093,5.485314228
Kingston upon Hull North and Cottingham,,North East England,,,,20,23.64609643,-13.24014093,5.485314228
Kingston upon Hull West and Haltemprice,,North East England,,,,20,23.64609643,-13.24014093,5.485314228
Leeds Central and Headingley,,North East England,13.71,21.92,-10.4,20,23.64609643,-13.24014093,5.485314228
Leeds East,,North East England,11.15510638,25.91404255,-11.19638298,20,23.64609643,-13.24014093,5.485314228
Leeds North East,,North East England,11.89641026,23.79846154,-11.47179487,20,23.64609643,-13.24014093,5.485314228
Leeds North West,,North East England,11.36494118,24.34894118,-11.78588235,20,23.64609643,-13.24014093,5.485314228
Leeds South,,North East England,13.37736842,22.44,-10.50368421,20,23.64609643,-13.24014093,5.485314228
Leeds South West and Morley,,North East England,11.83892857,23.51678571,-10.37428571,20,23.64609643,-13.24014093,5.485314228
Leeds West and Pudsey,,North East England,13.71,21.92,-10.4,20,23.64609643,-13.24014093,5.485314228
Middlesbrough and Thornaby East,,North East England,,,,20,23.64609643,-13.24014093,5.485314228
Middlesbrough South and East Cleveland,,North East England,,,,20,23.64609643,-13.24014093,5.485314228
Newcastle upon Tyne Central and West,,North East England,-2.02,18.42,-13.23,20,23.64609643,-13.24014093,5.485314228
Newcastle upon Tyne East and Wallsend,,North East England,-2.02,18.42,-13.23,20,23.64609643,-13.24014093,5.485314228
Newcastle upon Tyne North,,North East England,-2.02,18.42,-13.23,20,23.64609643,-13.24014093,5.485314228
Newton Aycliffe and Spennymoor,,North East England,-0.323,64.8728,-16.06106667,20,23.64609643,-13.24014093,5.485314228
Normanton and Hemsworth,,North East England,-3.08647541,31.70459016,-10.33836066,20,23.64609643,-13.24014093,5.485314228
North Durham,,North East England,2.08375,20.8175,-12.00375,20,23.64609643,-13.24014093,5.485314228
North Northumberland,,North East England,8.859548387,23.40603226,-13.46424194,25,23.64609643,-13.24014093,5.485314228
Ossett and Denby Dale,,North East England,4.202323944,23.87873239,-10.68225352,20,23.64609643,-13.24014093,5.485314228
Penistone and Stocksbridge,,North East England,-12.79211073,30.8100692,-15.94435986,20,23.64609643,-13.24014093,5.485314228
"Pontefract, Castleford and Knottingley",,North East England,3.621428571,31.49178571,-11.41607143,20,23.64609643,-13.24014093,5.485314228
Rawmarsh and Conisbrough,,North East England,-12.83134831,28.39404494,-14.44303371,20,23.64609643,-13.24014093,5.485314228
Redcar,,North East England,,,,20,23.64609643,-13.24014093,5.485314228
Richmond and Northallerton,,North East England,4.783258929,21.69206633,-11.1191773,20,23.64609643,-13.24014093,5.485314228
Rother Valley,,North East England,-25.12428571,37.86843537,-19.1307483,20,23.64609643,-13.24014093,5.485314228
Rotherham,,North East England,-15.13666667,28.155,-14.65633333,20,23.64609643,-13.24014093,5.485314228
Scarborough and Whitby,,North East England,-9.956877828,22.37506787,-28.8960181,20,23.64609643,-13.24014093,5.485314228
Scunthorpe,,North East England,,,,20,23.64609643,-13.24014093,5.485314228
Selby,,North East England,4.360701754,32.63982456,-12.03807018,20,23.64609643,-13.24014093,5.485314228
Sheffield Brightside and Hillsborough,,North East England,-15.898,31.753,-16.152,20,23.64609643,-13.24014093,5.485314228
Sheffield Central,,North East England,-16.45,33.52,-16.89,20,23.64609643,-13.24014093,5.485314228
Sheffield Hallam,,North East England,-15.84458015,32.98671756,-16.98725191,20,23.64609643,-13.24014093,5.485314228
Sheffield Heeley,,North East England,-15.30448276,30.71655172,-16.01689655,20,23.64609643,-13.24014093,5.485314228
Sheffield South East,,North East England,-14.28391304,26.74869565,-15.32304348,20,23.64609643,-13.24014093,5.485314228
Shipley,,North East England,12.63479167,23.16708333,-11.09458333,20,23.64609643,-13.24014093,5.485314228
Skipton and Ripon,,North East England,12.53428501,21.37693294,-12.67251972,20,23.64609643,-13.24014093,5.485314228
South Shields,,North East England,,,,20,23.64609643,-13.24014093,5.485314228
Spen Valley,,North East England,10.74,21.25,-8.89,20,23.64609643,-13.24014093,5.485314228
Stockton North,,North East England,,,,20,23.64609643,-13.24014093,5.485314228
Stockton West,,North East England,-3.99,62.74,-15.52,20,23.64609643,-13.24014093,5.485314228
Sunderland Central,,North East England,,,,20,23.64609643,-13.24014093,5.485314228
Thirsk and Malton,,North East England,-2.126287566,17.98213318,-16.99873895,20,23.64609643,-13.24014093,5.485314228
Tynemouth,,North East England,,,,20,23.64609643,-13.24014093,5.485314228
Wakefield and Rothwell,,North East England,10.15633333,23.75633333,-9.802666667,20,23.64609643,-13.24014093,5.485314228
Washington and Gateshead South,,North East England,,,,20,23.64609643,-13.24014093,5.485314228
Wetherby and Easingwold,,North East England,6.140763791,23.86097595,-14.25520509,20,23.64609643,-13.24014093,5.485314228
York Central,,North East England,6.76,22.45,-15.67,20,23.64609643,-13.24014093,5.485314228
York Outer,,North East England,6.76,22.45,-15.67,20,23.64609643,-13.24014093,5.485314228
Aberafan Maesteg,Aberafan Maesteg,Wales,22.33776923,17.115,-7.800538462,25,23.14942615,-12.91339452,11.01857154
Alyn and Deeside,Alun a Glannau Dyfrdwy,Wales,-9.906901408,47.72323944,-20.71267606,20,23.14942615,-12.91339452,11.01857154
Bangor Aberconwy,Bangor Aberconwy,Wales,16.88241218,21.67540984,-15.47899297,20,23.14942615,-12.91339452,11.01857154
Blaenau Gwent and Rhymney,Blaenau Gwent a Rhymni,Wales,12.48420732,23.19256098,-10.38432927,20,23.14942615,-12.91339452,11.01857154
"Brecon, Radnor and Cwm Tawe","Aberhonddu, Maesyfed a Chwm-tawe",Wales,4.979276402,26.27655476,-15.39637549,20,23.14942615,-12.91339452,11.01857154
Bridgend,Pen-y-bont,Wales,24.74067568,18.8522973,-8.221351351,25,23.14942615,-12.91339452,11.01857154
Caerfyrddin,Caerfyrddin,Wales,12.21007519,19.75759398,-10.84603554,25,23.14942615,-12.91339452,11.01857154
Caerphilly,Caerffili,Wales,13.02395683,24.0876259,-12.05467626,20,23.14942615,-12.91339452,11.01857154
Cardiff East,Dwyrain Caerdydd,Wales,,,,20,23.14942615,-12.91339452,11.01857154
Cardiff North,Gogledd Caerdydd,Wales,13.76,24.32,-12.59,20,23.14942615,-12.91339452,11.01857154
Cardiff South and Penarth,De Caerdydd a Phenarth,Wales,,,,20,23.14942615,-12.91339452,11.01857154
Cardiff West,Gorllewin Caerdydd,Wales,17.4,22.44,-12.97,20,23.14942615,-12.91339452,11.01857154
Ceredigion Preseli,Ceredigion Preseli,Wales,15.21319033,19.57674727,-9.474516381,25,23.14942615,-12.91339452,11.01857154
Clwyd East,Dwyrain Clwyd,Wales,3.641638655,33.57836134,-16.92510504,20,23.14942615,-12.91339452,11.01857154
Clwyd North,Gogledd Clwyd,Wales,23.13,21.65,-13.68,20,23.14942615,-12.91339452,11.01857154
Dwyfor Meirionnydd,Dwyfor Meirionnydd,Wales,18.61219961,17.33091085,-10.89022287,25,23.14942615,-12.91339452,11.01857154
Gower,Gŵyr,Wales,21.07,15.7,-15.14,25,23.14942615,-12.91339452,11.01857154
Llanelli,Llanelli,Wales,,,,25,23.14942615,-12.91339452,11.01857154
Merthyr Tydfil and Aberdare,Merthyr Tudful ac Aberdâre,Wales,10.33028689,22.69831967,-10.25905738,20,23.14942615,-12.91339452,11.01857154
Monmouthshire,Sir Fynwy,Wales,0.730751708,31.62881549,-16.70159453,20,23.14942615,-12.91339452,11.01857154
Montgomeryshire and Glyndwr,Maldwyn a Glyndŵr,Wales,10.83029035,22.74808284,-12.69275406,20,23.14942615,-12.91339452,11.01857154
Neath and Swansea East,Castell-nedd a Dwyrain Abertawe,Wales,19.20650794,17.25063492,-12.20634921,25,23.14942615,-12.91339452,11.01857154
Newport East,Dwyrain Casnewydd,Wales,,,,20,23.14942615,-12.91339452,11.01857154
Newport West and Islwyn,Gorllewin Casnewydd ac Islwyn,Wales,12.32266667,22.53188889,-9.450111111,20,23.14942615,-12.91339452,11.01857154
Pontypridd,Pontypridd,Wales,14.28824,22.602,-12.3768,25,23.14942615,-12.91339452,11.01857154
Rhondda and Ogmore,Rhondda ac Ogwr,Wales,18.23262626,17.91964646,-9.230858586,25,23.14942615,-12.91339452,11.01857154
Swansea West,Gorllewin Abertawe,Wales,21.07,15.7,-15.14,25,23.14942615,-12.91339452,11.01857154
Torfaen,Torfaen,Wales,9.816666667,23.86,-9.553333333,20,23.14942615,-12.91339452,11.01857154
Vale of Glamorgan,Bro Morgannwg,Wales,18.82153846,22.17076923,-12.15692308,20,23.14942615,-12.91339452,11.01857154
Wrexham,Wrecsam,Wales,9.567889273,28.16397924,-13.84941176,20,23.14942615,-12.91339452,11.01857154
Ynys Môn,Ynys Môn,Wales,18.02,20.3,-12.75,25,23.14942615,-12.91339452,11.01857154
Mid and South Pembrokeshire,Canol a De Sir Benfro,Wales,,,,,23.14942615,-12.91339452,11.01857154
Bath,,South West England,-8.35,45.11714286,-16.58857143,20,35.79669214,-19.26689825,-1.364496398
Bournemouth East,,South West England,-6.47,36.21,-17,20,35.79669214,-19.26689825,-1.364496398
Bournemouth West,,South West England,-6.47,36.21,-17,20,35.79669214,-19.26689825,-1.364496398
Bridgwater,,South West England,1.36,30.34,-13.95,20,35.79669214,-19.26689825,-1.364496398
Bristol Central,,South West England,,,,20,35.79669214,-19.26689825,-1.364496398
Bristol East,,South West England,,,,20,35.79669214,-19.26689825,-1.364496398
Bristol North East,,South West England,-2.3,29.42,-17.49,20,35.79669214,-19.26689825,-1.364496398
Bristol North West,,South West England,-2.3,29.42,-17.49,20,35.79669214,-19.26689825,-1.364496398
Bristol South,,South West England,,,,20,35.79669214,-19.26689825,-1.364496398
Camborne and Redruth,,South West England,2.856438555,27.26892152,-9.115800488,20,35.79669214,-19.26689825,-1.364496398
Central Devon,,South West England,0.223337029,32.74774945,-16.57143016,20,35.79669214,-19.26689825,-1.364496398
Cheltenham,,South West England,-10.02,48.2,-21.93,20,35.79669214,-19.26689825,-1.364496398
Chippenham,,South West England,-2.741050725,37.92742754,-21.84271739,20,35.79669214,-19.26689825,-1.364496398
Christchurch,,South West England,-4.856206897,36.37034483,-20.52241379,20,35.79669214,-19.26689825,-1.364496398
East Wiltshire,,South West England,-9.099535104,42.14967742,-29.85959203,20,35.79669214,-19.26689825,-1.364496398
Exeter,,South West England,,,,20,35.79669214,-19.26689825,-1.364496398
Exmouth and Exeter East,,South West England,-4.742,43.204,-14.76,20,35.79669214,-19.26689825,-1.364496398
Filton and Bradley Stoke,,South West England,-2.3,29.42,-17.49,20,35.79669214,-19.26689825,-1.364496398
Forest of Dean,,South West England,-11.69340426,68.28223404,-18.25680851,20,35.79669214,-19.26689825,-1.364496398
Frome and East Somerset,,South West England,0.305603865,31.62357488,-15.23219807,20,35.79669214,-19.26689825,-1.364496398
Glastonbury and Somerton,,South West England,-1.70115942,41.05057971,-18.01293478,20,35.79669214,-19.26689825,-1.364496398
Gloucester,,South West England,,,,20,35.79669214,-19.26689825,-1.364496398
Honiton and Sidmouth,,South West England,-4.981704835,44.67834606,-12.19389313,20,35.79669214,-19.26689825,-1.364496398
Melksham and Devizes,,South West England,-5.974024096,38.62862651,-22.38493976,20,35.79669214,-19.26689825,-1.364496398
Mid Dorset and North Poole,,South West England,-5.508881988,36.65223602,-21.67652174,20,35.79669214,-19.26689825,-1.364496398
Newton Abbot,,South West England,12.96,23.86,-11.07,20,35.79669214,-19.26689825,-1.364496398
North Cornwall,,South West England,10.80978022,26.66956044,-14.35423077,20,35.79669214,-19.26689825,-1.364496398
North Cotswolds,,South West England,-1.52224581,38.33885,-26.69787709,20,35.79669214,-19.26689825,-1.364496398
North Devon,,South West England,1.666577438,28.73300191,-13.66942639,20,35.79669214,-19.26689825,-1.364496398
North Dorset,,South West England,-4.602105263,40.85462888,-20.08265857,20,35.79669214,-19.26689825,-1.364496398
North East Somerset and Hanham,,South West England,2.689473684,29.46368421,-14.96578947,20,35.79669214,-19.26689825,-1.364496398
North Somerset,,South West England,,,,20,35.79669214,-19.26689825,-1.364496398
Plymouth Moor View,,South West England,,,,20,35.79669214,-19.26689825,-1.364496398
Plymouth Sutton and Devonport,,South West England,,,,20,35.79669214,-19.26689825,-1.364496398
Poole,,South West England,,,,20,35.79669214,-19.26689825,-1.364496398
Salisbury,,South West England,-6.348874802,38.69763867,-24.33057052,20,35.79669214,-19.26689825,-1.364496398
South Cotswolds,,South West England,1.06235589,32.87522135,-18.57862155,20,35.79669214,-19.26689825,-1.364496398
South Devon,,South West England,8.72875,26.4725,-13.31375,20,35.79669214,-19.26689825,-1.364496398
South Dorset,,South West England,-10.28965517,42.40241379,-18.76413793,20,35.79669214,-19.26689825,-1.364496398
South East Cornwall,,South West England,11.45409836,23.07368852,-11.49057377,20,35.79669214,-19.26689825,-1.364496398
South West Devon,,South West England,14.58111111,23.67259259,-10.52962963,20,35.79669214,-19.26689825,-1.364496398
South West Wiltshire,,South West England,-9.880486726,43.50590708,-36.51904867,20,35.79669214,-19.26689825,-1.364496398
St Austell and Newquay,,South West England,7.318125,27.75625,-11.70875,20,35.79669214,-19.26689825,-1.364496398
Stroud,,South West England,1.15,25.26,-13.24,20,35.79669214,-19.26689825,-1.364496398
Swindon North,,South West England,-1.928301887,31.5109434,-18.90867925,20,35.79669214,-19.26689825,-1.364496398
Swindon South,,South West England,0.167878788,29.55424242,-15.56515152,20,35.79669214,-19.26689825,-1.364496398
Taunton and Wellington,,South West England,-6.863608247,36.2942268,-15.88350515,20,35.79669214,-19.26689825,-1.364496398
Tewkesbury,,South West England,-8.954124514,46.75824903,-22.12953307,20,35.79669214,-19.26689825,-1.364496398
Thornbury and Yate,,South West England,-0.010666667,33.216,-18.859,20,35.79669214,-19.26689825,-1.364496398
Tiverton and Minehead,,South West England,-2.554498309,29.86632469,-14.23063134,20,35.79669214,-19.26689825,-1.364496398
Torbay,,South West England,,,,20,35.79669214,-19.26689825,-1.364496398
Torridge and Tavistock,,South West England,9.159167397,27.62586328,-15.65449606,20,35.79669214,-19.26689825,-1.364496398
Truro and Falmouth,,South West England,8.038679245,26.30490566,-10.67943396,20,35.79669214,-19.26689825,-1.364496398
Wells and Mendip Hills,,South West England,1.457468354,26.16822785,-11.64898734,20,35.79669214,-19.26689825,-1.364496398
West Dorset,,South West England,-8.262046444,44.67872279,-17.08825835,20,35.79669214,-19.26689825,-1.364496398
Weston-super-Mare,,South West England,,,,20,35.79669214,-19.26689825,-1.364496398
Yeovil,,South West England,0.048438662,35.59211896,-13.87836431,20,35.79669214,-19.26689825,-1.364496398
St Ives,,South West England,,,,,35.79669214,-19.26689825,-1.364496398
Aldridge-Brownhills,,Midlands,-2.583461538,26.95038462,-14.35596154,20,37.96069078,-18.13262898,-6.04781509
Amber Valley,,Midlands,-5.22304,30.8276,-16.14736,20,37.96069078,-18.13262898,-6.04781509
Ashfield,,Midlands,-10.59952381,52.14071429,-20.37238095,20,37.96069078,-18.13262898,-6.04781509
Bassetlaw,,Midlands,-30.41,43.38,-21.22,20,37.96069078,-18.13262898,-6.04781509
Birmingham Edgbaston,,Midlands,-2.841515152,38.47484848,-21.04666667,20,37.96069078,-18.13262898,-6.04781509
Birmingham Erdington,,Midlands,-8.01,36.45,-20.44,20,37.96069078,-18.13262898,-6.04781509
Birmingham Hall Green and Moseley,,Midlands,-0.66,32.6385,-21.854,20,37.96069078,-18.13262898,-6.04781509
Birmingham Hodge Hill and Solihull North,,Midlands,-1.596363636,30.58136364,-20.78090909,20,37.96069078,-18.13262898,-6.04781509
Birmingham Ladywood,,Midlands,-7.396666667,35.92777778,-20.57481481,20,37.96069078,-18.13262898,-6.04781509
Birmingham Northfield,,Midlands,-1.63826087,39.50652174,-20.96652174,20,37.96069078,-18.13262898,-6.04781509
Birmingham Perry Barr,,Midlands,-8.01,36.45,-20.44,20,37.96069078,-18.13262898,-6.04781509
Birmingham Selly Oak,,Midlands,-0.549047619,33.98095238,-21.76,20,37.96069078,-18.13262898,-6.04781509
Birmingham Yardley,,Midlands,0.27,29.4,-22.26,20,37.96069078,-18.13262898,-6.04781509
Bolsover,,Midlands,-14.52709677,31.62283871,-14.45277419,20,37.96069078,-18.13262898,-6.04781509
Boston and Skegness,,Midlands,-10.68,46.68,-34.57,20,37.96069078,-18.13262898,-6.04781509
Bromsgrove,,Midlands,-15.2204955,56.90972973,-20.95243243,20,37.96069078,-18.13262898,-6.04781509
Broxtowe,,Midlands,-3.1,29.28,-15.09,20,37.96069078,-18.13262898,-6.04781509
Cannock Chase,,Midlands,-6.508,31.5875,-13.749875,20,37.96069078,-18.13262898,-6.04781509
Chesterfield,,Midlands,-11.41212766,21.77446809,-13.39,20,37.96069078,-18.13262898,-6.04781509
North East Derbyshire,,Midlands,-11.41212766,21.77446809,-13.39,20,37.96069078,-18.13262898,-6.04781509
Corby and East Northamptonshire,,Midlands,-8.80875,47.4745,-8.92725,20,37.96069078,-18.13262898,-6.04781509
Coventry East,,Midlands,3.672413793,35.26931034,-11.33172414,20,37.96069078,-18.13262898,-6.04781509
Coventry North West,,Midlands,3.9,35.27,-10.78,20,37.96069078,-18.13262898,-6.04781509
Coventry South,,Midlands,3.802941176,35.26970588,-11.01529412,20,37.96069078,-18.13262898,-6.04781509
Daventry,,Midlands,-12.53939453,40.92744141,-20.71529297,20,37.96069078,-18.13262898,-6.04781509
Derby North,,Midlands,-3.275714286,24.50571429,-17.11142857,20,37.96069078,-18.13262898,-6.04781509
Derby South,,Midlands,-3.575714286,26.58428571,-15.81857143,20,37.96069078,-18.13262898,-6.04781509
Burton and Uttoxeter,,Midlands,-2.021561462,24.43431894,-15.69140642,20,37.96069078,-18.13262898,-6.04781509
Derbyshire Dales,,Midlands,-2.021561462,24.43431894,-15.69140642,20,37.96069078,-18.13262898,-6.04781509
Droitwich and Evesham,,Midlands,-12.67169576,51.86603491,-20.96992519,20,37.96069078,-18.13262898,-6.04781509
Dudley,,Midlands,-7.732758621,39.37586207,-18.21482759,20,37.96069078,-18.13262898,-6.04781509
Erewash,,Midlands,-3.233965517,28.52086207,-15.29517241,20,37.96069078,-18.13262898,-6.04781509
Gainsborough,,Midlands,-22.51448276,41.45862069,-19.19482759,20,37.96069078,-18.13262898,-6.04781509
Gedling,,Midlands,-2.199692308,32.46830769,-15.10353846,20,37.96069078,-18.13262898,-6.04781509
Grantham and Bourne,,Midlands,-15.2925,30.89638298,-20.39648936,20,37.96069078,-18.13262898,-6.04781509
Halesowen,,Midlands,-10.2962963,45.22592593,-20.38851852,20,37.96069078,-18.13262898,-6.04781509
"Harborough, Oadby and Wigston",,Midlands,-6.351445783,40.54662651,-19.0360241,20,37.96069078,-18.13262898,-6.04781509
Hereford and South Herefordshire,,Midlands,-0.322652233,33.08833559,-18.91830853,20,37.96069078,-18.13262898,-6.04781509
High Peak,,Midlands,1.688777778,21.32714815,-14.6927963,20,37.96069078,-18.13262898,-6.04781509
Hinckley and Bosworth,,Midlands,-1.483517241,36.87893103,-14.59113793,20,37.96069078,-18.13262898,-6.04781509
Kenilworth and Southam,,Midlands,-6.563267477,46.5562462,-18.13557751,20,37.96069078,-18.13262898,-6.04781509
Kettering,,Midlands,-19.57635417,41.76088542,-18.12380208,20,37.96069078,-18.13262898,-6.04781509
Kingswinford and South Staffordshire,,Midlands,-16.32641711,52.02224599,-23.7840107,20,37.96069078,-18.13262898,-6.04781509
Leicester East,,Midlands,-1.33,31.03,-14.19,20,37.96069078,-18.13262898,-6.04781509
Leicester South,,Midlands,-1.33,31.03,-14.19,20,37.96069078,-18.13262898,-6.04781509
Leicester West,,Midlands,-3.405625,33.265,-13.8825,20,37.96069078,-18.13262898,-6.04781509
Lichfield,,Midlands,-4.689142857,30.35333333,-14.45869841,20,37.96069078,-18.13262898,-6.04781509
Lincoln,,Midlands,,,,20,37.96069078,-18.13262898,-6.04781509
Loughborough,,Midlands,-3.342479339,29.88991736,-15.21644628,20,37.96069078,-18.13262898,-6.04781509
Louth and Horncastle,,Midlands,-17.75805243,37.65385768,-27.28588015,20,37.96069078,-18.13262898,-6.04781509
Mansfield,,Midlands,-23.54,104.06,-33.51,20,37.96069078,-18.13262898,-6.04781509
Melton and Syston,,Midlands,-6.204982456,36.42380702,-17.71694737,20,37.96069078,-18.13262898,-6.04781509
Meriden and Solihull East,,Midlands,0.684306569,26.52554745,-12.86905109,20,37.96069078,-18.13262898,-6.04781509
Mid Derbyshire,,Midlands,-3.205594406,24.38083916,-17.90874126,20,37.96069078,-18.13262898,-6.04781509
Mid Leicestershire,,Midlands,-6.703741007,37.22690647,-13.41309353,20,37.96069078,-18.13262898,-6.04781509
Newark,,Midlands,-5.8048,39.28193333,-17.04513333,20,37.96069078,-18.13262898,-6.04781509
Newcastle-under-Lyme,,Midlands,2.336923077,31.75115385,-12.72961538,20,37.96069078,-18.13262898,-6.04781509
North Herefordshire,,Midlands,-4.359638135,44.2590675,-18.61403619,20,37.96069078,-18.13262898,-6.04781509
North Shropshire,,Midlands,2.110503226,37.10469677,-18.41072258,20,37.96069078,-18.13262898,-6.04781509
North Warwickshire and Bedworth,,Midlands,-0.415185185,30.37381481,-12.94122222,20,37.96069078,-18.13262898,-6.04781509
North West Leicestershire,,Midlands,-2.662563025,31.1747479,-14.99756303,20,37.96069078,-18.13262898,-6.04781509
Northampton North,,Midlands,,,,20,37.96069078,-18.13262898,-6.04781509
Northampton South,,Midlands,-16.71,42.71,-21.57,20,37.96069078,-18.13262898,-6.04781509
Nottingham East,,Midlands,-3.1,29.28,-15.09,20,37.96069078,-18.13262898,-6.04781509
Nottingham North and Kimberley,,Midlands,-3.1,29.28,-15.09,20,37.96069078,-18.13262898,-6.04781509
Nottingham South,,Midlands,-3.1,29.28,-15.09,20,37.96069078,-18.13262898,-6.04781509
Nuneaton,,Midlands,0.716585366,34.7304878,-12.98670732,20,37.96069078,-18.13262898,-6.04781509
Redditch,,Midlands,-12.06038043,52.37380435,-21.07733696,20,37.96069078,-18.13262898,-6.04781509
Rugby,,Midlands,1.151680328,36.2582377,-15.60819672,20,37.96069078,-18.13262898,-6.04781509
Rushcliffe,,Midlands,-2.552931034,31.40593103,-15.12182759,20,37.96069078,-18.13262898,-6.04781509
Rutland and Stamford,,Midlands,-4.047969152,38.21948586,-25.88105398,20,37.96069078,-18.13262898,-6.04781509
Sherwood Forest,,Midlands,-13.07555556,62.48539683,-23.24428571,20,37.96069078,-18.13262898,-6.04781509
Shrewsbury,,Midlands,1.281506024,35.59822289,-16.68762048,20,37.96069078,-18.13262898,-6.04781509
Sleaford and North Hykeham,,Midlands,,,,20,37.96069078,-18.13262898,-6.04781509
Smethwick,,Midlands,-4.379545455,31.37727273,-17.03272727,20,37.96069078,-18.13262898,-6.04781509
Solihull West and Shirley,,Midlands,0.383333333,26.31333333,-14.44666667,20,37.96069078,-18.13262898,-6.04781509
South Derbyshire,,Midlands,-3.122653061,29.15163265,-15.12469388,20,37.96069078,-18.13262898,-6.04781509
South Holland and The Deepings,,Midlands,,,,20,37.96069078,-18.13262898,-6.04781509
South Leicestershire,,Midlands,-2.346716867,35.00466867,-17.09274096,20,37.96069078,-18.13262898,-6.04781509
South Northamptonshire,,Midlands,-14.8217773,40.02226981,-20.93141328,20,37.96069078,-18.13262898,-6.04781509
South Shropshire,,Midlands,-6.879912233,38.66789358,-20.67956665,20,37.96069078,-18.13262898,-6.04781509
Stafford,,Midlands,-8.83,45.24106796,-18.13628641,20,37.96069078,-18.13262898,-6.04781509
Staffordshire Moorlands,,Midlands,2.476310861,25.54458801,-13.03505618,20,37.96069078,-18.13262898,-6.04781509
Stoke-on-Trent Central,,Midlands,-4.893529412,37.25764706,-16.99764706,20,37.96069078,-18.13262898,-6.04781509
Stoke-on-Trent North,,Midlands,0.181,36.47,-17.0048,20,37.96069078,-18.13262898,-6.04781509
Stoke-on-Trent South,,Midlands,-6.752360248,33.65136646,-14.51229814,20,37.96069078,-18.13262898,-6.04781509
"Stone, Great Wyrley and Penkridge",,Midlands,-7.732779097,33.31206651,-14.33828979,20,37.96069078,-18.13262898,-6.04781509
Stourbridge,,Midlands,-11.1,47.06,-21.07,20,37.96069078,-18.13262898,-6.04781509
Stratford-on-Avon,,Midlands,-5.100031797,44.0845151,-16.34492846,20,37.96069078,-18.13262898,-6.04781509
Sutton Coldfield,,Midlands,-5.638571429,33.06946429,-17.76946429,20,37.96069078,-18.13262898,-6.04781509
Tamworth,,Midlands,-3.1,29.28,-15.09,20,37.96069078,-18.13262898,-6.04781509
Telford,,Midlands,-26.95372549,67.54745098,-31.50019608,20,37.96069078,-18.13262898,-6.04781509
The Wrekin,,Midlands,-17.42005882,54.98037255,-25.16596078,20,37.96069078,-18.13262898,-6.04781509
Tipton and Wednesbury,,Midlands,-0.548461538,22.84423077,-12.19961538,20,37.96069078,-18.13262898,-6.04781509
Walsall and Bloxwich,,Midlands,-0.871764706,23.27970588,-12.22264706,20,37.96069078,-18.13262898,-6.04781509
Warwick and Leamington,,Midlands,-7.18826087,52.02652174,-18.62706522,20,37.96069078,-18.13262898,-6.04781509
Wellingborough and Rushden,,Midlands,-14.90666667,44.56,-17.65,20,37.96069078,-18.13262898,-6.04781509
West Bromwich,,Midlands,-4.904444444,31.34,-16.70111111,20,37.96069078,-18.13262898,-6.04781509
West Worcestershire,,Midlands,-10.56843081,46.40915835,-21.25453638,20,37.96069078,-18.13262898,-6.04781509
Wolverhampton North East,,Midlands,-4.0256,29.5512,-14.1204,20,37.96069078,-18.13262898,-6.04781509
Wolverhampton South East,,Midlands,-0.25,22.3,-11.87,20,37.96069078,-18.13262898,-6.04781509
Wolverhampton West,,Midlands,-9.578275862,42.01862069,-18.68655172,20,37.96069078,-18.13262898,-6.04781509
Worcester,,Midlands,-11.06823529,47.09352941,-21.09529412,20,37.96069078,-18.13262898,-6.04781509
Wyre Forest,,Midlands,-12.55778351,49.23268041,-20.41582474,20,37.96069078,-18.13262898,-6.04781509
East Renfrewshire,,Scotland,18.00324503,12.79788079,-7.931721854,30,16.74840715,-8.348583211,10.12422262
Na h-Eileanan an Iar,,Scotland,13.3,9.38,-6.67,30,16.74840715,-8.348583211,10.12422262
Midlothian,,Scotland,14.99628205,30.00115385,-5.618589744,25,16.74840715,-8.348583211,10.12422262
Aberdeen North,,Scotland,7.64,12.98,-11.35,25,16.74840715,-8.348583211,10.12422262
Aberdeen South,,Scotland,,,,25,16.74840715,-8.348583211,10.12422262
Aberdeenshire North and Moray East,,Scotland,9.25056338,11.84981891,-9.074507042,25,16.74840715,-8.348583211,10.12422262
Airdrie and Shotts,,Scotland,8.972307692,18.13777778,-9.153076923,25,16.74840715,-8.348583211,10.12422262
Alloa and Grangemouth,,Scotland,16.88983607,24.9504918,-13.50508197,25,16.74840715,-8.348583211,10.12422262
Angus and Perthshire Glens,,Scotland,15.738721,17.43835091,-6.423167785,25,16.74840715,-8.348583211,10.12422262
Arbroath and Broughty Ferry,,Scotland,21.38235294,19.2854902,-8.13,25,16.74840715,-8.348583211,10.12422262
"Argyll, Bute and South Lochaber",,Scotland,10.41625147,9.643360752,-5.016627497,30,16.74840715,-8.348583211,10.12422262
Bathgate and Linlithgow,,Scotland,7.476178344,17.51490446,-8.377579618,25,16.74840715,-8.348583211,10.12422262
"Caithness, Sutherland and Easter Ross",,Scotland,3.68339556,13.91686176,-7.153995964,30,16.74840715,-8.348583211,10.12422262
Coatbridge and Bellshill,,Scotland,7.624347826,19.37043478,-8.963623188,25,16.74840715,-8.348583211,10.12422262
Cowdenbeath and Kirkcaldy,,Scotland,16.2,21.6,-13.23,25,16.74840715,-8.348583211,10.12422262
Cumbernauld and Kirkintilloch,,Scotland,6.316319444,18.963125,-8.603333333,25,16.74840715,-8.348583211,10.12422262
Dumfries and Galloway,,Scotland,14.22491955,12.06633837,-7.527615797,25,16.74840715,-8.348583211,10.12422262
"Dumfriesshire, Clydesdale and Tweeddale",,Scotland,11.20285607,17.20674774,-9.621000502,25,16.74840715,-8.348583211,10.12422262
Dundee Central,,Scotland,16.54,16.17,-10.29,25,16.74840715,-8.348583211,10.12422262
Dunfermline and Dollar,,Scotland,16.63066667,23.47566667,-13.4,25,16.74840715,-8.348583211,10.12422262
East Kilbride and Strathaven,,Scotland,10.55082781,14.42264901,-12.07943709,25,16.74840715,-8.348583211,10.12422262
Edinburgh East and Musselburgh,,Scotland,2.47,18.26,-6.67,25,16.74840715,-8.348583211,10.12422262
Edinburgh North and Leith,,Scotland,,,,25,16.74840715,-8.348583211,10.12422262
Edinburgh South,,Scotland,2.47,18.26,-6.67,25,16.74840715,-8.348583211,10.12422262
Edinburgh South West,,Scotland,2.494342105,18.24157895,-6.690394737,25,16.74840715,-8.348583211,10.12422262
Edinburgh West,,Scotland,5.651428571,18.2752381,-7.72031746,25,16.74840715,-8.348583211,10.12422262
Falkirk,,Scotland,9.080851064,19.91361702,-8.674964539,25,16.74840715,-8.348583211,10.12422262
Glasgow East,,Scotland,9.1675,19.945,-8.7975,25,16.74840715,-8.348583211,10.12422262
Glasgow North,,Scotland,4.09,19.78,-8.5,25,16.74840715,-8.348583211,10.12422262
Glasgow North East,,Scotland,4.09,19.78,-8.5,25,16.74840715,-8.348583211,10.12422262
Glasgow South,,Scotland,18.20590909,13.24,-7.495454545,25,16.74840715,-8.348583211,10.12422262
Glasgow South West,,Scotland,18.15,13.36,-7.55,25,16.74840715,-8.348583211,10.12422262
Glasgow West,,Scotland,4.09,19.78,-8.5,25,16.74840715,-8.348583211,10.12422262
Glenrothes and Mid Fife,,Scotland,15.9690625,21.531875,-13.1765625,25,16.74840715,-8.348583211,10.12422262
Gordon and Buchan,,Scotland,6.004901961,10.97427336,-10.99141869,25,16.74840715,-8.348583211,10.12422262
Hamilton and Clyde Valley,,Scotland,8.8095,19.74303846,-9.678923077,25,16.74840715,-8.348583211,10.12422262
Inverclyde and Renfrewshire West,,Scotland,13.66,9.13,-4.42,30,16.74840715,-8.348583211,10.12422262
"Inverness, Skye and West Ross-shire",,Scotland,5.318592247,14.11078694,-4.43897406,30,16.74840715,-8.348583211,10.12422262
Livingston,,Scotland,6.759036145,18.4426506,-8.054216867,25,16.74840715,-8.348583211,10.12422262
Lothian East,,Scotland,17.02599078,26.30198157,-8.300967742,25,16.74840715,-8.348583211,10.12422262
Mid Dunbartonshire,,Scotland,7.774266667,18.21666667,-10.84673333,30,16.74840715,-8.348583211,10.12422262
"Moray West, Nairn and Strathspey",,Scotland,4.164791667,26.0985724,-9.429962432,25,16.74840715,-8.348583211,10.12422262
"Motherwell, Wishaw and Carluke",,Scotland,9.801302326,19.71590698,-9.207534884,25,16.74840715,-8.348583211,10.12422262
North East Fife,,Scotland,8.81,19.42,-11.52,25,16.74840715,-8.348583211,10.12422262
Paisley and Renfrewshire North,,Scotland,18.15,13.36,-7.55,25,16.74840715,-8.348583211,10.12422262
Paisley and Renfrewshire South,,Scotland,14.06260417,9.518229167,-5.0621875,30,16.74840715,-8.348583211,10.12422262
Perth and Kinross-shire,,Scotland,14.85679151,17.26021223,-7.339775281,25,16.74840715,-8.348583211,10.12422262
Rutherglen,,Scotland,13.47208333,15.81083333,-10.19916667,25,16.74840715,-8.348583211,10.12422262
Stirling and Strathallan,,Scotland,13.73476759,16.85346269,-7.63365032,30,16.74840715,-8.348583211,10.12422262
West Dunbartonshire,,Scotland,11.87177083,16.19229167,-5.113958333,30,16.74840715,-8.348583211,10.12422262
"Ayr, Carrick and Cumnock",,Scotland,9.080415913,11.53802893,-8.392314647,25,16.74840715,-8.348583211,10.12422262
"Berwickshire, Roxburgh and Selkirk",,Scotland,10.8024993,21.44601342,-12.93946883,25,16.74840715,-8.348583211,10.12422262
Central Ayrshire,,Scotland,10.50038462,10.80884615,-9.748076923,30,16.74840715,-8.348583211,10.12422262
Kilmarnock and Loudoun,,Scotland,10.16929412,12.46782353,-10.91717647,30,16.74840715,-8.348583211,10.12422262
West Aberdeenshire and Kincardine,,Scotland,12.73742642,17.26927136,-7.882684853,25,16.74840715,-8.348583211,10.12422262
Orkney and Shetland,,,,,,,,,
North Ayrshire and Arran,,,,,,,,,
